<?xml version="1.0" encoding="utf-8"?>
<CheckParameters>
  <Parameter name="CheckFormat">true</Parameter>
  <Parameter name="CheckQuality">true</Parameter>
  <Parameter name="CheckSemantic">true</Parameter>
  <Parameter name="CheckLinkedDocuments">true</Parameter>
  <Parameter name="MaxRecursionLevel">1</Parameter>
  <CheckFormatParameters>
    <Check name="unitVectorLength">
      <Parameter name="MinLength">0.99999999</Parameter>
      <Parameter name="MaxLength">1.00000001</Parameter>
    </Check>
  </CheckFormatParameters>
  <CheckQualityParameters>
    <Check name="G-SU-HD">
      <Parameter name="MaxDegree">8</Parameter>
    </Check>
    <Check name="G-CU-FG">
      <Parameter name="MaxNumSegments">200</Parameter>
    </Check>
  </CheckQualityParameters>
  <CheckSemanticParameters>
    <Check name="FeatureNominalTopologyLink" active="false">
    </Check>
  </CheckSemanticParameters>
</CheckParameters>
